{
	"providers": [
		{
			"type": "bitmap",
			"file": "minecraft:titles/fade.png",
			"ascent": 500,
			"height": 1000,
			"chars": ["\u8bf6"]
		},
		{
			"type": "bitmap",
			"file": "minecraft:titles/game.png",
			"ascent": 8,
			"height": 20,
			"chars": ["섏섐₰₦"]
		},
		{
			"type": "bitmap",
			"file": "minecraft:holograms/count.png",
			"ascent": 8,
			"height": 17,
			"chars": ["⑤④③②①"]
		},
		{
			"type": "bitmap",
			"file": "space:font/space_nosplit.png",
			"ascent": -32768,
			"height": -4,
			"chars": ["\ua202"]
		}
	]
}