{
	"providers": [{
			"type": "bitmap",
			"file": "minecraft:titles/countdown5.png",
			"ascent": 35,
			"height": 70,
			"chars": ["\u8bf5"]
		},
		{
			"type": "bitmap",
			"file": "minecraft:titles/countdown4.png",
			"ascent": 35,
			"height": 70,
			"chars": ["\u8bf4"]
		},
		{
			"type": "bitmap",
			"file": "minecraft:titles/countdown3.png",
			"ascent": 35,
			"height": 70,
			"chars": ["\u8bf3"]
		},
		{
			"type": "bitmap",
			"file": "minecraft:titles/countdown2.png",
			"ascent": 35,
			"height": 70,
			"chars": ["\u8bf2"]
		},
		{
			"type": "bitmap",
			"file": "minecraft:titles/go.png",
			"ascent": 15,
			"height": 25,
			"chars": ["\u8bf1"]
		},
		{
			"type": "bitmap",
			"file": "minecraft:titles/fade.png",
			"ascent": 500,
			"height": 1000,
			"chars": ["\u8bf6"]
		},
		{
			"type": "bitmap",
			"file": "minecraft:titles/loading.png",
			"ascent": 45,
			"height": 70,
			"chars": ["\u8bf7"]
		},
		{
			"type": "bitmap",
			"file": "minecraft:titles/warn.png",
			"ascent": 8,
			"height": 9,
			"chars": ["\u8bf8"]
		},
		{
			"type": "bitmap",
			"file": "minecraft:titles/game.png",
			"ascent": 8,
			"height": 50,
			"chars": ["섏섐₰₦"]
		},
		{
			"type": "bitmap",
			"file": "minecraft:titles/skull.png",
			"ascent": 8,
			"height": 10,
			"chars": ["ぁ"]
		},
		{
			"type": "bitmap",
			"file": "minecraft:titles/notes.png",
			"ascent": 8,
			"height": 80,
			"chars": ["⋮"]
		},
		{
			"type": "bitmap",
			"file": "minecraft:titles/wheel.png",
			"ascent": 8,
			"height": 23,
			"chars": ["\u0001\u0002"]
		},
		{
			"type": "bitmap",
			"file": "minecraft:titles/wheel_chicken.png",
			"ascent": 8,
			"height": 33,
			"chars": ["\u0003\u0004"]
		},
		{
			"type": "bitmap",
			"file": "minecraft:titles/wheel_frozen.png",
			"ascent": 8,
			"height": 33,
			"chars": ["\u0005\u0006"]
		},
		{
			"type": "bitmap",
			"file": "minecraft:titles/wheel_speed.png",
			"ascent": 8,
			"height": 33,
			"chars": ["\u0007\u0008"]
		},
		{
			"type": "bitmap",
			"file": "minecraft:titles/wheel_stcik.png",
			"ascent": 8,
			"height": 33,
			"chars": ["\u0009\uF007"]
		},
		{
			"type": "bitmap",
			"file": "minecraft:titles/wheel_warp.png",
			"ascent": 8,
			"height": 33,
			"chars": ["\uF001\uF002"]
		},
		{
			"type": "bitmap",
			"file": "minecraft:titles/wheel_web.png",
			"ascent": 8,
			"height": 33,
			"chars": ["\uF003\uF004"]
		},
		{
			"type": "bitmap",
			"file": "minecraft:titles/wheel_blind.png",
			"ascent": 8,
			"height": 33,
			"chars": ["\uF005\uF006"]
		},
		{
			"type": "bitmap",
			"file": "minecraft:titles/space_nosplit.png",
			"ascent": -32768,
			"height": -3,
			"chars": ["ꈂ"]
		},
		{
			"type": "bitmap",
			"file": "minecraft:holograms/setting.png",
			"ascent": -25,
			"height": 70,
			"chars": ["♦"]
		},
		{
			"type": "bitmap",
			"file": "minecraft:holograms/stats.png",
			"ascent": 8,
			"height": 100,
			"chars": ["✬"]
		},
	{
			"type": "bitmap",
			"file": "minecraft:titles/trophy.png",
			"ascent": 8,
			"height": 35,
			"chars": ["⌧"]
		},
		{
			"type": "bitmap",
			"file": "minecraft:holograms/wall.png",
			"ascent": 60,
			"height": 433,
			"chars": ["✿"]
		},
		{
			"type": "bitmap",
			"file": "minecraft:holograms/count.png",
			"ascent": 8,
			"height": 17,
			"chars": ["⑤④③②①"]
		},
		{
			"type": "bitmap",
			"file": "minecraft:holograms/direction.png",
			"ascent": 60,
			"height": 433,
			"chars": ["ᐁᐃᐅᐊ"]
		},
		{
			"type": "bitmap",
			"file": "minecraft:titles/time.png",
			"ascent": 14,
			"height": 23,
			"chars": ["฿"]
		},
		{
			"type": "bitmap",
			"file": "minecraft:titles/open.png",
			"ascent": -26,
			"height": 17,
			"chars": ["✮✢❂✶✧"]
		},
{
            "type": "bitmap",
            "file": "space:font/space_split.png",
            "ascent": -32768,
            "height": -3,
            "chars": [
                "\uF801"
            ]
        },
        {
            "type": "bitmap",
            "file": "space:font/space_split.png",
            "ascent": -32768,
            "height": -4,
            "chars": [
                "\uF802"
            ]
        },
        {
            "type": "bitmap",
            "file": "space:font/space_split.png",
            "ascent": -32768,
            "height": -5,
            "chars": [
                "\uF803"
            ]
        },
        {
            "type": "bitmap",
            "file": "space:font/space_split.png",
            "ascent": -32768,
            "height": -6,
            "chars": [
                "\uF804"
            ]
        },
        {
            "type": "bitmap",
            "file": "space:font/space_split.png",
            "ascent": -32768,
            "height": -7,
            "chars": [
                "\uF805"
            ]
        },
        {
            "type": "bitmap",
            "file": "space:font/space_split.png",
            "ascent": -32768,
            "height": -8,
            "chars": [
                "\uF806"
            ]
        },
        {
            "type": "bitmap",
            "file": "space:font/space_split.png",
            "ascent": -32768,
            "height": -9,
            "chars": [
                "\uF807"
            ]
        },
        {
            "type": "bitmap",
            "file": "space:font/space_split.png",
            "ascent": -32768,
            "height": -10,
            "chars": [
                "\uF808"
            ]
        },
        {
            "type": "bitmap",
            "file": "space:font/space_split.png",
            "ascent": -32768,
            "height": -18,
            "chars": [
                "\uF809"
            ]
        },
        {
            "type": "bitmap",
            "file": "space:font/space_split.png",
            "ascent": -32768,
            "height": -34,
            "chars": [
                "\uF80A"
            ]
        },
        {
            "type": "bitmap",
            "file": "space:font/space_split.png",
            "ascent": -32768,
            "height": -66,
            "chars": [
                "\uF80B"
            ]
        },
        {
            "type": "bitmap",
            "file": "space:font/space_split.png",
            "ascent": -32768,
            "height": -130,
            "chars": [
                "\uF80C"
            ]
        },
        {
            "type": "bitmap",
            "file": "space:font/space_split.png",
            "ascent": -32768,
            "height": -258,
            "chars": [
                "\uF80D"
            ]
        },
        {
            "type": "bitmap",
            "file": "space:font/space_split.png",
            "ascent": -32768,
            "height": -514,
            "chars": [
                "\uF80E"
            ]
        },
        {
            "type": "bitmap",
            "file": "space:font/space_split.png",
            "ascent": -32768,
            "height": -1026,
            "chars": [
                "\uF80F"
            ]
        },
        {
            "type": "bitmap",
            "file": "space:font/space_split.png",
            "ascent": -65536,
            "height": -32770,
            "chars": [
                "\uF800"
            ]
        },
        {
            "type": "bitmap",
            "file": "space:font/space_split.png",
            "ascent": -32768,
            "height": 0,
            "chars": [
                "\uF821"
            ]
        },
        {
            "type": "bitmap",
            "file": "space:font/space_split.png",
            "ascent": -32768,
            "height": 1,
            "chars": [
                "\uF822"
            ]
        },
        {
            "type": "bitmap",
            "file": "space:font/space_split.png",
            "ascent": -32768,
            "height": 2,
            "chars": [
                "\uF823"
            ]
        },
        {
            "type": "bitmap",
            "file": "space:font/space_split.png",
            "ascent": -32768,
            "height": 3,
            "chars": [
                "\uF824"
            ]
        },
        {
            "type": "bitmap",
            "file": "space:font/space_split.png",
            "ascent": -32768,
            "height": 4,
            "chars": [
                "\uF825"
            ]
        },
        {
            "type": "bitmap",
            "file": "space:font/space_split.png",
            "ascent": -32768,
            "height": 5,
            "chars": [
                "\uF826"
            ]
        },
        {
            "type": "bitmap",
            "file": "space:font/space_split.png",
            "ascent": -32768,
            "height": 6,
            "chars": [
                "\uF827"
            ]
        },
        {
            "type": "bitmap",
            "file": "space:font/space_split.png",
            "ascent": -32768,
            "height": 7,
            "chars": [
                "\uF828"
            ]
        },
        {
            "type": "bitmap",
            "file": "space:font/space_split.png",
            "ascent": -32768,
            "height": 15,
            "chars": [
                "\uF829"
            ]
        },
        {
            "type": "bitmap",
            "file": "space:font/space_split.png",
            "ascent": -32768,
            "height": 31,
            "chars": [
                "\uF82A"
            ]
        },
        {
            "type": "bitmap",
            "file": "space:font/space_split.png",
            "ascent": -32768,
            "height": 63,
            "chars": [
                "\uF82B"
            ]
        },
        {
            "type": "bitmap",
            "file": "space:font/space_split.png",
            "ascent": -32768,
            "height": 127,
            "chars": [
                "\uF82C"
            ]
        },
        {
            "type": "bitmap",
            "file": "space:font/space_split.png",
            "ascent": -32768,
            "height": 255,
            "chars": [
                "\uF82D"
            ]
        },
        {
            "type": "bitmap",
            "file": "space:font/space_split.png",
            "ascent": -32768,
            "height": 511,
            "chars": [
                "\uF82E"
            ]
        },
        {
            "type": "bitmap",
            "file": "space:font/space_split.png",
            "ascent": -32768,
            "height": 1023,
            "chars": [
                "\uF82F"
            ]
        },
        {
            "type": "bitmap",
            "file": "space:font/space_split.png",
            "ascent": -65536,
            "height": 32767,
            "chars": [
                "\uF820"
            ]
        },
        {
            "type": "bitmap",
            "file": "space:font/space_nosplit.png",
            "ascent": -32768,
            "height": -3,
            "chars": [
                "\uF811"
            ]
        },
        {
            "type": "bitmap",
            "file": "space:font/space_nosplit.png",
            "ascent": -32768,
            "height": -4,
            "chars": [
                "\uF812"
            ]
        },
        {
            "type": "bitmap",
            "file": "space:font/space_nosplit.png",
            "ascent": -32768,
            "height": -5,
            "chars": [
                "\uF813"
            ]
        },
        {
            "type": "bitmap",
            "file": "space:font/space_nosplit.png",
            "ascent": -32768,
            "height": -6,
            "chars": [
                "\uF814"
            ]
        },
        {
            "type": "bitmap",
            "file": "space:font/space_nosplit.png",
            "ascent": -32768,
            "height": -7,
            "chars": [
                "\uF815"
            ]
        },
        {
            "type": "bitmap",
            "file": "space:font/space_nosplit.png",
            "ascent": -32768,
            "height": -8,
            "chars": [
                "\uF816"
            ]
        },
        {
            "type": "bitmap",
            "file": "space:font/space_nosplit.png",
            "ascent": -32768,
            "height": -9,
            "chars": [
                "\uF817"
            ]
        },
        {
            "type": "bitmap",
            "file": "space:font/space_nosplit.png",
            "ascent": -32768,
            "height": -10,
            "chars": [
                "\uF818"
            ]
        },
        {
            "type": "bitmap",
            "file": "space:font/space_nosplit.png",
            "ascent": -32768,
            "height": -18,
            "chars": [
                "\uF819"
            ]
        },
        {
            "type": "bitmap",
            "file": "space:font/space_nosplit.png",
            "ascent": -32768,
            "height": -34,
            "chars": [
                "\uF81A"
            ]
        },
        {
            "type": "bitmap",
            "file": "space:font/space_nosplit.png",
            "ascent": -32768,
            "height": -66,
            "chars": [
                "\uF81B"
            ]
        },
        {
            "type": "bitmap",
            "file": "space:font/space_nosplit.png",
            "ascent": -32768,
            "height": -130,
            "chars": [
                "\uF81C"
            ]
        },
        {
            "type": "bitmap",
            "file": "space:font/space_nosplit.png",
            "ascent": -32768,
            "height": -258,
            "chars": [
                "\uF81D"
            ]
        },
        {
            "type": "bitmap",
            "file": "space:font/space_nosplit.png",
            "ascent": -32768,
            "height": -514,
            "chars": [
                "\uF81E"
            ]
        },
        {
            "type": "bitmap",
            "file": "space:font/space_nosplit.png",
            "ascent": -32768,
            "height": -1026,
            "chars": [
                "\uF81F"
            ]
        },
        {
            "type": "bitmap",
            "file": "space:font/space_nosplit.png",
            "ascent": -65536,
            "height": -32770,
            "chars": [
                "\uF810"
            ]
        },
        {
            "type": "bitmap",
            "file": "space:font/space_nosplit.png",
            "ascent": -32768,
            "height": 0,
            "chars": [
                "\uF831"
            ]
        },
        {
            "type": "bitmap",
            "file": "space:font/space_nosplit.png",
            "ascent": -32768,
            "height": 1,
            "chars": [
                "\uF832"
            ]
        },
        {
            "type": "bitmap",
            "file": "space:font/space_nosplit.png",
            "ascent": -32768,
            "height": 2,
            "chars": [
                "\uF833"
            ]
        },
        {
            "type": "bitmap",
            "file": "space:font/space_nosplit.png",
            "ascent": -32768,
            "height": 3,
            "chars": [
                "\uF834"
            ]
        },
        {
            "type": "bitmap",
            "file": "space:font/space_nosplit.png",
            "ascent": -32768,
            "height": 4,
            "chars": [
                "\uF835"
            ]
        },
        {
            "type": "bitmap",
            "file": "space:font/space_nosplit.png",
            "ascent": -32768,
            "height": 5,
            "chars": [
                "\uF836"
            ]
        },
        {
            "type": "bitmap",
            "file": "space:font/space_nosplit.png",
            "ascent": -32768,
            "height": 6,
            "chars": [
                "\uF837"
            ]
        },
        {
            "type": "bitmap",
            "file": "space:font/space_nosplit.png",
            "ascent": -32768,
            "height": 7,
            "chars": [
                "\uF838"
            ]
        },
        {
            "type": "bitmap",
            "file": "space:font/space_nosplit.png",
            "ascent": -32768,
            "height": 15,
            "chars": [
                "\uF839"
            ]
        },
        {
            "type": "bitmap",
            "file": "space:font/space_nosplit.png",
            "ascent": -32768,
            "height": 31,
            "chars": [
                "\uF83A"
            ]
        },
        {
            "type": "bitmap",
            "file": "space:font/space_nosplit.png",
            "ascent": -32768,
            "height": 63,
            "chars": [
                "\uF83B"
            ]
        },
        {
            "type": "bitmap",
            "file": "space:font/space_nosplit.png",
            "ascent": -32768,
            "height": 127,
            "chars": [
                "\uF83C"
            ]
        },
        {
            "type": "bitmap",
            "file": "space:font/space_nosplit.png",
            "ascent": -32768,
            "height": 255,
            "chars": [
                "\uF83D"
            ]
        },
        {
            "type": "bitmap",
            "file": "space:font/space_nosplit.png",
            "ascent": -32768,
            "height": 511,
            "chars": [
                "\uF83E"
            ]
        },
        {
            "type": "bitmap",
            "file": "space:font/space_nosplit.png",
            "ascent": -32768,
            "height": 1023,
            "chars": [
                "\uF83F"
            ]
        },
        {
            "type": "bitmap",
            "file": "space:font/space_nosplit.png",
            "ascent": -65536,
            "height": 32767,
            "chars": [
                "\uF830"
            ]
        }

	]
}